X1007_s_at,X1053_at,X177_at,subtype,diagnosis
10.088,6.99632,3.35385,Luminal A,Breast cancer
9.65648,7.03281,2.9572,Luminal A,Breast cancer
10.1068,7.54377,3.08363,Luminal B,Breast cancer
9.80457,6.54442,3.97729,Healthy,Healthy
9.75026,8.50789,2.91681,Basal,Breast cancer
10.4329,7.60771,6.52706,Basal,Breast cancer
9.35983,5.64109,3.82543,Healthy,Healthy
10.3811,8.61716,2.73508,Her2,Breast cancer
9.32985,9.05156,2.942,Basal,Breast cancer
10.8354,7.79156,3.18112,Luminal B,Breast cancer
