X1007_s_at,X1053_at,X177_at,subtype,cancer
10.0061,8.15492,3.41675,Basal,Breast cancer
10.5946,7.68441,3.20938,Luminal B,Breast cancer
8.92862,4.97958,3.8801,Healthy,Healthy
10.335,7.39641,2.9449,Luminal B,Breast cancer
9.56321,5.95661,3.35821,Healthy,Healthy
9.30953,6.61467,4.83245,Basal,Breast cancer
11.1636,7.71242,3.76691,Her2,Breast cancer
9.96914,5.45792,3.21083,Healthy,Healthy
10.1142,9.44537,2.86358,Basal,Breast cancer
10.088,6.99632,3.35385,Luminal A,Breast cancer
